Train Loss,Test Loss
,0.17809884250164032
,0.17896415293216705
,0.1803913563489914
,0.18445546925067902
